station id,station name,station latitude,station longitude,daily bike occupation ratio,parking time,DBOR_Norm,PT_Norm,Station_type
72,W 52 St & 11 Ave,40.767272,-73.99392900000001,0.311353899211601,1263.5,-0.4310200083308579,-1.049289204879392,Balanced
79,Franklin St & W Broadway,40.719116,-74.00666700000001,0.3081892532602517,3613.0,-0.4499504231990452,-0.15795819629663863,Balanced
82,St James Pl & Pearl St,40.711174,-74.000165,0.3286829488748745,4086.0000000000005,-0.3273603558957032,-0.053586218896871735,Balanced
83,Atlantic Ave & Fort Greene Pl,40.683826,-73.976323,0.4924961392497509,11965.0,0.6525444114466175,0.8579072521066541,Balanced
116,W 17 St & 8 Ave,40.741776,-74.001497,0.36196279051064517,989.0000000000001,-0.12828557198690618,-1.2570919108312353,Balanced
119,Park Ave & St Edwards St,40.696089,-73.978034,0.5469403836088482,45125.0,0.9782213272049952,1.984062307530124,Balanced
120,Lexington Ave & Classon Ave,40.686768,-73.959282,0.46660831421583915,19124.0,0.4976875094547706,1.2557524152902615,Balanced
127,Barrow St & Hudson St,40.731724,-74.006744,0.5809272254512039,1077.0,1.1815252752693723,-1.1847774765632073,Balanced
128,MacDougal St & Prince St,40.727103,-74.002971,0.49248856246728373,1389.0,0.6524990883243237,-0.9689509292553387,Balanced
137,E 56 St & Madison Ave,40.761628,-73.972924,0.2352073524007997,8074.000000000001,-0.8865166876019497,0.5242164313824538,Balanced
143,Clinton St & Joralemon St,40.692395,-73.993379,0.5386820941798365,7058.0,0.9288215373403178,0.41012289092634185,Balanced
144,Nassau St & Navy St,40.698399,-73.980689,0.6229980264678908,6450.0,1.433186197004795,0.3337013384385323,Balanced
146,Hudson St & Reade St,40.71625,-74.009106,0.26830137394011666,2477.0,-0.6885534503150476,-0.47820557956541143,Balanced
147,Greenwich St & Warren St,40.715422,-74.01122,0.4552302457180599,1929.5000000000002,0.429625691364258,-0.6901148984495492,Balanced
150,E 2 St & Avenue C,40.720874,-73.980858,0.5412319763745163,3804.5000000000005,0.9440745320046059,-0.11414372968784339,Balanced
151,Cleveland Pl & Spring St,40.722103999999995,-73.997249,0.3419778494274662,1062.0,-0.24783234961602893,-1.196676118095584,Balanced
152,Warren St & Church St,40.71474,-74.009106,0.33504354955951954,3453.0,-0.28931224194479865,-0.19638465645266187,Balanced
153,E 40 St & 5 Ave,40.752062,-73.98163199999999,0.18926474411847513,1294.0,-1.1613381520821089,-1.0290536753247912,HighDemand&LowSupply
157,Henry St & Atlantic Ave,40.690893,-73.996123,0.6398995384154295,9019.0,1.5342883859969358,0.6181165987879365,Balanced
160,E 35 St & 3 Ave,40.746524,-73.977885,0.07258937483204844,1139.0,-1.8592718797236767,-1.137293718983019,HighDemand&LowSupply
161,LaGuardia Pl & W 3 St,40.72917,-73.998102,0.4575211531103274,2114.0,0.4433295394492959,-0.6126418971559534,Balanced
164,E 47 St & 2 Ave,40.753231,-73.970325,0.23924125583963643,2216.0,-0.8623865110168477,-0.5726656139015068,Balanced
167,E 39 St & 3 Ave,40.748901000000004,-73.976049,0.16306379798227863,822.0,-1.3180680953118569,-1.4139992908367462,HighDemand&LowSupply
168,W 18 St & 6 Ave,40.739713,-73.994564,0.3695476898974362,1264.5,-0.08291389555523669,-1.0486180345640874,Balanced
173,Broadway & W 49 St,40.760683,-73.984527,0.18940656323033986,1401.0,-1.1604898124368184,-0.9616531704106976,Balanced
174,E 25 St & 1 Ave,40.738177,-73.977387,0.37026836342340136,1005.0000000000001,-0.07860293975140557,-1.2434770271014897,Balanced
195,Liberty St & Broadway,40.709056,-74.010434,0.18183148820834966,1434.0,-1.2058027210618028,-0.9419021162569631,Balanced
212,W 16 St & The High Line,40.743349,-74.00681800000001,0.3891808852827344,1708.0,0.034528794573625905,-0.793561962713127,Balanced
216,Columbia Heights & Cranberry St,40.700379,-73.99548100000001,0.3302543118641973,5205.0,-0.31796070937799,0.15176185332535944,Balanced
217,Old Fulton St,40.702771999999996,-73.993836,0.5218516405230708,4140.0,0.8281444078792698,-0.04244786326247088,Balanced
223,W 13 St & 7 Ave,40.737815000000005,-73.99994699999999,0.3822410982943972,1784.0,-0.006983920847212541,-0.7566286953749226,Balanced
224,Spruce St & Nassau St,40.711464,-74.005524,0.27464818937008595,2587.0,-0.6505877975917457,-0.44134373227810375,Balanced
225,W 14 St & The High Line,40.741951,-74.00803,0.49737651190312454,2988.0,0.6817380338802196,-0.3190906159606316,Balanced
228,E 48 St & 3 Ave,40.754601,-73.971879,0.2552610721869279,5560.0,-0.7665584865779386,0.20773524348545677,Balanced
229,Great Jones St,40.727434,-73.99379,0.43807221364369514,1108.0,0.32698903927655715,-1.1607034252553838,Balanced
232,Cadman Plaza E & Tillary St,40.695977,-73.990149,0.4826634111461004,3344.5,0.5937265767979025,-0.2234695539243723,Balanced
233,Cadman Plaza W & Pierrepont St,40.694757,-73.990527,0.22161134198017676,5481.0,-0.9678458858033637,0.19559476286357613,Balanced
236,St Marks Pl & 2 Ave,40.728419,-73.98714,0.6025065809338277,1737.0,1.3106095893298397,-0.7792786541788321,Balanced
237,E 11 St & 2 Ave,40.730472999999996,-73.986724,0.532835428286053,1621.0,0.8938477005615743,-0.8379140584448338,Balanced
238,Bank St & Washington St,40.736197,-74.00859200000001,0.6221870587112901,2996.0,1.4283351152998638,-0.31682227441057853,Balanced
239,Willoughby St & Fleet St,40.691966,-73.981302,0.3475729458252555,11767.0,-0.21436336203702586,0.8437509209043084,Balanced
241,DeKalb Ave & S Portland Ave,40.689809999999994,-73.97493100000001,0.4044241852825185,7450.500000000001,0.1257118202239734,0.4560355997729826,Balanced
242,Carlton Ave & Flushing Ave,40.697787,-73.973736,0.5548540668765077,7609.000000000001,1.0255597371551992,0.4738940816660337,Balanced
243,Fulton St & Rockwell Pl,40.688226,-73.979382,0.5634802067987619,20235.0,1.077159950875688,1.3036589961929352,LowDemand&HighSupply
244,Willoughby Ave & Hall St,40.691959999999995,-73.965369,0.4167393533772923,17257.0,0.19937922087147136,1.168603667345852,Balanced
245,Myrtle Ave & St Edwards St,40.69327,-73.977039,0.38428373882844125,10263.0,0.005234833898335888,0.727734564368303,Balanced
247,Perry St & Bleecker St,40.735354,-74.00483100000001,0.6155961770477228,2706.0,1.3889094967136018,-0.4031907892583842,Balanced
248,Laight St & Hudson St,40.721854,-74.00771800000001,0.27097817748561986,6249.0,-0.6725412320713591,0.3068434050330747,Balanced
249,Harrison St & Hudson St,40.718709999999994,-74.009001,0.3334655065444339,4679.0,-0.29875184732709403,0.06138165612039205,Balanced
250,Lafayette St & Jersey St,40.724561,-73.995653,0.315892679946811,1323.5,-0.40386973508255763,-1.0099303461060263,Balanced
251,Mott St & Prince St,40.72318,-73.9948,0.5119555898891932,1489.0,0.7689477878036447,-0.9099724099789174,Balanced
252,MacDougal St & Washington Sq,40.732264,-73.998522,0.4020531792192948,2193.0,0.1115288344739639,-0.5815167998334786,Balanced
253,W 13 St & 5 Ave,40.735439,-73.994539,0.15839092135751906,1551.0,-1.346020509102991,-0.8753634843112923,Balanced
254,W 11 St & 6 Ave,40.735324,-73.99800400000001,0.2864091202498788,1984.5000000000002,-0.5802357568853824,-0.6662708364015248,Balanced
257,Lispenard St & Broadway,40.719392,-74.002472,0.3481492518950713,3777.0000000000005,-0.21091598967361316,-0.1202981796675541,Balanced
258,DeKalb Ave & Vanderbilt Ave,40.689407,-73.968855,0.36651901954263105,5133.0,-0.10103092576867839,0.13994470252204888,Balanced
259,South St & Whitehall St,40.701221000000004,-74.012342,0.2800087057486028,3558.0,-0.6185220308320325,-0.17097191065922415,Balanced
260,Broad St & Bridge St,40.703652000000005,-74.011678,0.17362230645504823,8365.0,-1.254908756525925,0.5542545514860528,Balanced
261,Johnson St & Gold St,40.694749,-73.983625,0.5472187477449405,8933.5,0.9798864577319677,0.6100358007985985,Balanced
262,Washington Park,40.691782,-73.97373,0.41038578200359727,18710.0,0.16137315515426098,1.2371852671010384,Balanced
263,Grand St & Elizabeth St,40.718821999999996,-73.995906,0.4104866564055679,1754.0,0.16197656997798573,-0.7710161385759434,Balanced
264,Maiden Ln & Pearl St,40.707065,-74.007319,0.388670715712518,3137.0,0.03147704035979223,-0.27780719734015646,Balanced
265,Stanton St & Chrystie St,40.722293,-73.991475,0.6233894972227925,2524.0,1.4355279135547587,-0.46225914565466136,Balanced
266,Avenue D & E 8 St,40.723684000000006,-73.975748,0.546008257279665,19480.5,0.9726454939546829,1.271421503855082,Balanced
267,Broadway & W 36 St,40.750977,-73.987654,0.05024918144569766,693.0,-1.9929074065853274,-1.5588230315601315,HighDemand&LowSupply
268,Howard St & Centre St,40.719105,-73.99973299999999,0.34941425989385444,1923.0000000000002,-0.20334891057639848,-0.6929776318722506,Balanced
270,Adelphi St & Myrtle Ave,40.693083,-73.971789,0.5183132483960532,8753.0,0.8069783021092988,0.5927192985641975,Balanced
274,Lafayette Ave & Fort Greene Pl,40.686919,-73.976682,0.640626622460109,12060.0,1.5386376885165292,0.8646164756083011,Balanced
275,Washington Ave & Greene Ave,40.686501,-73.965633,0.4187315300673245,17788.5,0.2112961088307587,1.1943380702308624,Balanced
276,Duane St & Greenwich St,40.717488,-74.01045500000001,0.33023099195825667,2582.0,-0.3181002053914239,-0.4429849771976105,Balanced
278,Concord St & Bridge St,40.697666,-73.984764,0.4728415321512392,8195.0,0.5349736398134094,0.5368359359815263,Balanced
279,Peck Slip & Front St,40.707873,-74.00166999999999,0.39745731066578893,2628.0,0.08403707086596,-0.428003964196259,Balanced
280,E 10 St & 5 Ave,40.73332,-73.995101,0.25184750990578914,1917.0000000000002,-0.7869778798224816,-0.6956287566369161,Balanced
281,Grand Army Plaza & Central Park S,40.764396999999995,-73.973715,0.3103213676101331,1745.0,-0.43719645014482034,-0.7753803854733561,Balanced
282,Kent Ave & S 11 St,40.707645,-73.96841500000001,0.4556816713639136,3833.0000000000005,0.43232604865209473,-0.10781224676708862,Balanced
284,Greenwich Ave & 8 Ave,40.739017,-74.002638,0.5512299461878933,1436.0,1.0038808165989834,-0.9407197338574897,Balanced
285,Broadway & E 14 St,40.734546,-73.990741,0.27502476362287276,1089.0,-0.6483351895769714,-1.1753772780685425,Balanced
289,Monroe St & Classon Ave,40.684568,-73.958811,0.4820050355110567,37468.5,0.5897882771896418,1.8263219235009713,Balanced
291,Madison St & Montgomery St,40.713126,-73.984844,0.5137728771366096,4654.0,0.7798185145949277,0.05683670131824114,Balanced
293,Lafayette St & E 8 St,40.730287,-73.990765,0.2245866980966644,916.0000000000001,-0.9500477729870803,-1.322142372159065,Balanced
295,Pike St & E Broadway,40.714067,-73.992939,0.4397148135785507,2414.0,0.33681481401006724,-0.500061882129999,Balanced
296,Division St & Bowery,40.714131,-73.997047,0.39246562068888385,3171.5,0.054177565692594284,-0.2685280706463754,Balanced
297,E 15 St & 3 Ave,40.734232,-73.986923,0.29902079983378543,974.0000000000001,-0.5047946710962415,-1.2700574087462144,Balanced
298,3 Ave & Schermerhorn St,40.686832,-73.979677,0.4881076472585731,20696.0,0.6262931418525284,1.3227697017835267,Balanced
300,Shevchenko Pl & E 7 St,40.728145,-73.990214,0.4027873436749343,3106.0,0.11592049089948193,-0.286232426370176,Balanced
301,E 2 St & Avenue B,40.722174,-73.983688,0.5889051443951534,2234.5,1.2292479329427661,-0.5656125923386094,Balanced
302,Avenue D & E 3 St,40.720828000000004,-73.977932,0.5342544139274981,5234.0,0.9023358497250226,0.15647542379854912,Balanced
303,Mercer St & Spring St,40.723627,-73.999496,0.4381598018486709,3652.0000000000005,0.3275129781573171,-0.14884977841282687,Balanced
304,Broadway & Battery Pl,40.704633,-74.01361700000001,0.27403946612407293,3679.0000000000005,-0.6542290844099513,-0.14260075293354926,Balanced
305,E 58 St & 3 Ave,40.760958,-73.96724499999999,0.29463588946035846,1628.0,-0.5310245160156704,-0.8342584574422018,Balanced
306,Cliff St & Fulton St,40.708234999999995,-74.005301,0.35660331154432806,3049.0,-0.1603451331098332,-0.301945784227053,Balanced
307,Canal St & Rutgers St,40.714275,-73.9899,0.5202901238924313,1862.0000000000002,0.8188036607321918,-0.720324735906633,Balanced
308,St James Pl & Oliver St,40.713079,-73.998512,0.3762268489314559,3195.0,-0.04296021560861113,-0.2622651216003101,Balanced
309,Murray St & West St,40.714979,-74.013012,0.35518208977400906,6195.0,-0.1688466584448765,0.29948054964743176,Balanced
310,State St & Smith St,40.689269,-73.989129,0.6129814787170375,7108.0,1.3732687821073035,0.41611161574105576,Balanced
311,Norfolk St & Broome St,40.717227,-73.988021,0.46406563044387555,2989.5,0.4824775746241917,-0.3186648396735034,Balanced
312,Allen St & Stanton St,40.722055,-73.989111,0.5000666222438812,1799.0,0.6978298512824196,-0.749525450687244,Balanced
313,Washington Ave & Park Ave,40.696102,-73.96751,0.6269157746904905,7721.500000000001,1.4566215513360732,0.4863453555443075,Balanced
315,South St & Gouverneur Ln,40.703554,-74.006702,0.31029462123575363,1525.0,-0.4373564427541067,-0.8897053994038849,Balanced
316,Fulton St & William St,40.709559999999996,-74.006536,0.20840654819931095,3280.0,-1.046834887531683,-0.23999031771202345,Balanced
317,E 6 St & Avenue B,40.724537,-73.981854,0.588368380018397,1977.5000000000002,1.2260370927746487,-0.6692685753309326,Balanced
319,Fulton St & Broadway,40.711065999999995,-74.009447,0.2756365402072321,2783.5,-0.6446756381685028,-0.37923516148332176,Balanced
320,Leonard St & Church St,40.717571,-74.005549,0.2940522341887852,3121.0,-0.5345158501493279,-0.2821452533725584,Balanced
321,Cadman Plaza E & Red Cross Pl,40.699918,-73.98971800000001,0.31672810519725025,3721.0000000000005,-0.39887235249211905,-0.13297062578596933,Balanced
322,Clinton St & Tillary St,40.696191999999996,-73.991218,0.42867538984169556,3933.0000000000005,0.2707787156732914,-0.08596300321358342,Balanced
323,Lawrence St & Willoughby St,40.692362,-73.986317,0.3936012828425512,6220.0,0.06097091826647558,0.3028972245607859,Balanced
324,DeKalb Ave & Hudson Ave,40.689888,-73.981013,0.5916611601202545,24628.0,1.2457339859994019,1.4703363289926479,LowDemand&HighSupply
325,E 19 St & 3 Ave,40.736245000000004,-73.98473800000001,0.2579452933754737,1318.0,-0.7505018971589906,-1.0134631740685642,Balanced
326,E 11 St & 1 Ave,40.729538,-73.984267,0.5530729960740364,1428.0,1.014905651447437,-0.9454591832471412,Balanced
327,Vesey Pl & River Terrace,40.715338,-74.016584,0.41083677810058905,1063.0,0.1640709429482945,-1.1958776622867189,Balanced
328,Watts St & Greenwich St,40.724055,-74.00966,0.40037340784450576,1877.0000000000002,0.1014807060269559,-0.7135178587824015,Balanced
329,Greenwich St & Hubert St,40.721319,-74.010065,0.3630281956998302,1856.0000000000002,-0.12191248553614767,-0.723062853079559,Balanced
330,Reade St & Broadway,40.714504999999996,-74.005628,0.23227172747317773,3098.0,-0.9040771346887974,-0.28842033018580326,Balanced
331,Pike St & Monroe St,40.711731,-73.99193000000001,0.464805462113337,8573.5,0.48690313143238934,0.575140915068344,Balanced
332,Cherry St,40.712199,-73.979481,0.5442425929226016,5059.0,0.9620835671827703,0.12762529778823653,Balanced
334,W 20 St & 7 Ave,40.742388,-73.997262,0.23814485988380676,938.0000000000001,-0.8689449793645657,-1.3020077667280037,Balanced
335,Washington Pl & Broadway,40.729039,-73.994046,0.31376394880516534,1936.0000000000002,-0.41660347031666817,-0.6872617926571075,Balanced
336,Sullivan St & Washington Sq,40.730477,-73.999061,0.5474107619187507,3149.0,0.9810350563514276,-0.2745681508310056,Balanced
337,Old Slip & Front St,40.703799,-74.008387,0.27784505724186115,10909.0,-0.6314646362581119,0.7795209078618783,Balanced
339,Avenue D & E 12 St,40.725806,-73.974225,0.5062851091678264,37513.0,0.7350278630449959,1.8273288916293355,Balanced
340,Madison St & Clinton St,40.71269,-73.987763,0.5306859618042882,5575.0,0.8809899297806999,0.21002090064072998,Balanced
341,Stanton St & Mangin St,40.717821,-73.97628900000001,0.6306435843153637,5421.0,1.4789207228179202,0.18625664728986674,Balanced
342,Columbia St & Rivington St,40.7174,-73.980166,0.5681934138903468,8078.500000000001,1.1053536151828576,0.5246891280737519,Balanced
343,Clinton Ave & Flushing Ave,40.69794,-73.969868,0.563227214064586,6512.5,1.0756465880887562,0.34188230091257943,Balanced
344,Monroe St & Bedford Ave,40.685144,-73.95380899999999,0.3971166930227153,8126.000000000001,0.08199954964117374,0.5296627069001496,Balanced
345,W 13 St & 6 Ave,40.736494,-73.99704399999999,0.23701307684306303,1110.0,-0.8757151276944042,-1.159173471307277,Balanced
346,Bank St & Hudson St,40.736529,-74.00618,0.6356129437580788,2143.5,1.508646650244219,-0.6008852334166641,Balanced
347,Greenwich St & W Houston St,40.728846000000004,-74.00859100000001,0.3932037233151228,1445.0,0.05859277963589331,-0.9354193118194276,Balanced
348,W Broadway & Spring St,40.724909999999994,-74.001547,0.44428859519657204,2767.0,0.3641744570401878,-0.3842790200903698,Balanced
349,Rivington St & Ridge St,40.718502,-73.983299,0.4855645006328032,3462.0,0.6110804383032015,-0.19417634483446988,Balanced
350,Clinton St & Grand St,40.715595,-73.98703,0.5414085232437461,2713.0,0.945130607638209,-0.40099904984405865,Balanced
351,Front St & Maiden Ln,40.70531,-74.006126,0.3471906901423111,6377.0,-0.21664995547436594,0.32404500527679425,Balanced
352,W 56 St & 6 Ave,40.763405999999996,-73.977225,0.2542393189095586,1773.0,-0.7726704541505778,-0.761875803233332,Balanced
353,S Portland Ave & Hanson Pl,40.685396000000004,-73.974315,0.4464082273293453,9784.5,0.376853763432813,0.6872290641848982,Balanced
354,Emerson Pl & Myrtle Ave,40.693630999999996,-73.962236,0.5460436317023184,16313.000000000002,0.9728570981931497,1.120878775512967,Balanced
355,Bayard St & Baxter St,40.716021000000005,-73.99974399999999,0.3409141076513798,2770.0,-0.25419548579097817,-0.3833597215706191,Balanced
356,Bialystoker Pl & Delancey St,40.716226,-73.982612,0.48807156848899674,9775.0,0.6260773243214321,0.6864049722234928,Balanced
357,E 11 St & Broadway,40.732618,-73.99158,0.1547776433228631,1236.0,-1.3676345706067692,-1.0679575948452134,HighDemand&LowSupply
358,Christopher St & Greenwich St,40.732915999999996,-74.007114,0.629046787303322,1502.0,1.4693689339723643,-0.9025977931323834,Balanced
359,E 47 St & Park Ave,40.755103000000005,-73.974987,0.11707428453941847,1732.0,-1.5931701390928439,-0.781724199931994,Balanced
360,William St & Pine St,40.707179,-74.008873,0.1993879501201563,3029.0,-1.1007827242857575,-0.3075289516917358,Balanced
361,Allen St & Hester St,40.716059,-73.991908,0.45173790184325147,1945.5000000000002,0.4087350390041389,-0.6831090533457012,Balanced
362,Broadway & W 37 St,40.751726,-73.987535,0.08547433799106907,1226.0,-1.7821960545251039,-1.0748492593429577,HighDemand&LowSupply
363,West Thames St,40.708346999999996,-74.017134,0.37133952276899873,1998.0000000000002,-0.07219543284105163,-0.6605192263418455,Balanced
364,Lafayette Ave & Classon Ave,40.689004,-73.960239,0.4289617765805863,10394.0,0.2724918361497345,0.7384947473147913,Balanced
365,Fulton St & Grand Ave,40.682232,-73.961458,0.4268524664935374,20534.0,0.25987427461288615,1.316102958964277,Balanced
366,Clinton Ave & Myrtle Ave,40.693261,-73.968896,0.4673999510567693,8375.0,0.5024229566593336,0.5552681229737575,Balanced
367,E 53 St & Lexington Ave,40.758281,-73.970694,0.13371053261840402,7587.000000000001,-1.4936547168855023,0.47143765679182564,Balanced
368,Carmine St & 6 Ave,40.730385999999996,-74.00215,0.5798356307278212,1658.0,1.1749955271398071,-0.8187675967151415,Balanced
369,Washington Pl & 6 Ave,40.732240999999995,-74.000264,0.35108549210443707,2618.0,-0.1933518620680439,-0.4312382770511784,Balanced
372,Franklin Ave & Myrtle Ave,40.694528000000005,-73.958089,0.48484923861189605,29567.000000000004,0.6068018532723997,1.6253950756266686,Balanced
373,Willoughby Ave & Walworth St,40.693317,-73.95382,0.5547614510271961,15318.000000000002,1.0250057236959396,1.0674883658195464,LowDemand&HighSupply
375,Mercer St & Bleecker St,40.726795,-73.996951,0.12370005473453749,1978.5,-1.5535358227923446,-0.6688396778322652,Balanced
376,John St & William St,40.708621,-74.007222,0.20822814240651405,4110.5,-1.047902082954,-0.04851457535587519,Balanced
377,6 Ave & Canal St,40.722438000000004,-74.005664,0.25642043368198203,8890.0,-0.7596233682673992,0.6058947847282976,Balanced
379,W 31 St & 7 Ave,40.749156,-73.9916,0.27200419159789124,633.0,-0.6664037768537759,-1.6356500850007636,Balanced
380,W 4 St & 7 Ave S,40.734010999999995,-74.002939,0.5077379297547212,2186.0,0.743718407536153,-0.5842290719039759,Balanced
382,University Pl & E 14 St,40.734927,-73.992005,0.43785409504409256,1809.0,0.3256842880833994,-0.7448227821360591,Balanced
383,Greenwich Ave & Charles St,40.735238,-74.000271,0.512858851342393,2547.0,0.7743509559009235,-0.4545634658321217,Balanced
384,Fulton St & Washington Ave,40.683048,-73.964915,0.5317256152111989,6917.5,0.8872089731158801,0.3930646835943958,Balanced
385,E 55 St & 2 Ave,40.757973,-73.966033,0.11932593040354027,867.0,-1.5797011473006057,-1.3687829468560337,HighDemand&LowSupply
386,Centre St & Worth St,40.714948,-74.00234499999999,0.2833820766648847,4140.0,-0.5983430560174042,-0.04244786326247088,Balanced
387,Centre St & Chambers St,40.712733,-74.004607,0.39548889267081605,1275.0,0.07226230368767443,-1.0416026199378992,Balanced
388,W 26 St & 10 Ave,40.749718,-74.00295,0.4218547026279795,1409.0,0.22997843639189722,-0.956822642146692,Balanced
389,Broadway & Berry St,40.710446000000005,-73.965251,0.38283156851507855,4978.0,-0.0034518207587199887,0.11393224412289003,Balanced
390,Duffield St & Willoughby St,40.692215999999995,-73.984284,0.37709111030643355,13044.0,-0.03779033985176669,0.9311567403155362,Balanced
391,Clark St & Henry St,40.697601,-73.99344599999999,0.20600130338060252,2060.0,-1.0612226841375862,-0.6345939598086074,Balanced
392,Jay St & Tech Pl,40.695065,-73.987167,0.5857458763339363,7200.0,1.2103496877684032,0.42702161367437297,Balanced
393,E 5 St & Avenue C,40.722992,-73.979955,0.5495916378414994,8121.000000000001,0.9940807134733789,0.5291405432631235,Balanced
394,E 9 St & Avenue C,40.725213000000004,-73.977688,0.5343215951812441,2781.0,0.9027377174297607,-0.3799974575488943,Balanced
395,Bond St & Schermerhorn St,40.68807,-73.98410600000001,0.4791354902472441,8636.0,0.572623108269607,0.5813029401423944,Balanced
396,Lefferts Pl & Franklin Ave,40.680341999999996,-73.95576899999999,0.6215436211480992,16404.0,1.424486172890434,1.1255980889833663,LowDemand&HighSupply
397,Fulton St & Clermont Ave,40.684157,-73.969223,0.4606891852947736,19496.5,0.4622802102318412,1.2721180042789813,Balanced
398,Atlantic Ave & Furman St,40.691652000000005,-73.99997900000001,0.6559791236292042,5135.0,1.6304739384045732,0.1402751891776877,Balanced
399,Lafayette Ave & St James Pl,40.688515,-73.964763,0.4049537305382476,7677.000000000001,0.1288794767443366,0.4814420089817731,Balanced
400,Pitt St & Stanton St,40.719260999999996,-73.98178,0.5525151681446347,7268.0,1.011568812416792,0.43499629610758284,Balanced
401,Allen St & Rivington St,40.720196,-73.98997800000001,0.5024477350369546,2157.0,0.7120732939024729,-0.5955589284365537,Balanced
402,Broadway & E 22 St,40.740342999999996,-73.989551,0.17193425673747953,1275.0,-1.2650064047187906,-1.0416026199378992,HighDemand&LowSupply
405,Washington St & Gansevoort St,40.739323,-74.008119,0.5040724966962417,2052.0,0.7217923628741896,-0.637894972667222,Balanced
406,Hicks St & Montague St,40.695128000000004,-73.995951,0.41768128508856145,7732.000000000001,0.20501370837685068,0.4874982041974803,Balanced
407,Henry St & Poplar St,40.700469,-73.991454,0.3196142830744442,10275.0,-0.38160768989206717,0.7287259278866615,Balanced
408,Market St & Cherry St,40.710762,-73.994004,0.6189251095277144,7315.500000000001,1.4088226477842782,0.4405227069321806,Balanced
409,DeKalb Ave & Skillman St,40.690649,-73.95643100000001,0.3512159318310338,11586.0,-0.19257159211755676,0.8306000540981698,Balanced
410,Suffolk St & Stanton St,40.720664,-73.98518,0.5880636045547033,1768.5,1.2242139738355757,-0.7640317363740378,Balanced
411,E 6 St & Avenue D,40.722281,-73.976687,0.5864901811749574,5126.0,1.2148020023860695,0.13878698431137285,Balanced
412,Forsyth St & Canal St,40.715815,-73.994224,0.44477110672079273,2201.0,0.36706076516836383,-0.5784276412656745,Balanced
414,Pearl St & Anchorage Pl,40.702819,-73.987658,0.49813204935951466,8258.0,0.6862575402382126,0.5433328536224453,Balanced
415,Pearl St & Hanover Square,40.704718,-74.00926,0.2533989652848468,4413.0,-0.7776973175015939,0.011727460257486192,Balanced
416,Cumberland St & Lafayette Ave,40.687534,-73.972652,0.29380605921911157,5944.0,-0.5359884301401789,0.2643922355419028,Balanced
417,Barclay St & Church St,40.712912,-74.010202,0.4587841500609053,1089.0,0.45088458877211196,-1.1753772780685425,Balanced
418,Front St & Gold St,40.70224,-73.982578,0.5853384457503179,12777.0,1.2079125020305816,0.9136113323697534,Balanced
419,Carlton Ave & Park Ave,40.695807,-73.973556,0.46070650649421263,36223.0,0.46238382292546837,1.7976420335066572,Balanced
420,Clermont Ave & Lafayette Ave,40.687645,-73.969689,0.34239469839218184,7089.0,-0.24533882460225057,0.4138408775463703,Balanced
421,Clermont Ave & Park Ave,40.695734,-73.97129699999999,0.5131010035597525,38162.5,0.775799472419466,1.8418916722620857,Balanced
422,W 59 St & 10 Ave,40.770513,-73.988038,0.08086716746688534,1063.0,-1.809755424745996,-1.1958776622867189,HighDemand&LowSupply
423,W 54 St & 9 Ave,40.765848999999996,-73.98690500000001,0.07479391790007302,641.0,-1.8460846494571446,-1.6249955118742871,HighDemand&LowSupply
426,West St & Chambers St,40.717548,-74.013221,0.4935190079766066,729.0,0.6586630514628306,-1.5158589531641498,Balanced
427,Bus Slip & State St,40.701907,-74.013942,0.2308867379609967,2978.5,-0.9123619243482841,-0.3217921728319927,Balanced
428,E 3 St & 1 Ave,40.724677,-73.98783399999999,0.5467596820027432,1556.0,0.9771403985881754,-0.8726330048563776,Balanced
430,York St & Jay St,40.701485,-73.98656899999999,0.48748734110174335,3361.0,0.6225825678816641,-0.2192944870038139,Balanced
432,E 7 St & Avenue A,40.726217999999996,-73.983799,0.4706144128266062,7762.500000000001,0.5216513619269104,0.49083809771657644,Balanced
433,E 13 St & Avenue A,40.729554,-73.980572,0.5128738663032306,1777.0,0.7744407730375815,-0.7599640069666992,Balanced
434,9 Ave & W 18 St,40.743173999999996,-74.003664,0.5366737091818355,1626.0,0.9168076938293269,-0.8353013085068892,Balanced
435,W 21 St & 6 Ave,40.74174,-73.994156,0.33367458600400396,780.0,-0.297501166849428,-1.4584927425252905,Balanced
436,Hancock St & Bedford Ave,40.682165999999995,-73.95399,0.3908468208013511,24707.5,0.044494159102828855,1.4730704501631406,Balanced
437,Macon St & Nostrand Ave,40.680983000000005,-73.950048,0.47446600430931624,8307.5,0.5446909770343729,0.5484028976398733,Balanced
438,St Marks Pl & 1 Ave,40.727790999999996,-73.985649,0.5861471638837457,1754.5,1.2127501268431413,-0.7707743374529455,Balanced
439,E 4 St & 2 Ave,40.726281,-73.98978000000001,0.6134154726590263,2592.0,1.3758648656814,-0.43970565639883763,Balanced
440,E 45 St & 3 Ave,40.752553999999996,-73.972826,0.2616825267421301,2237.0,-0.7281463543344061,-0.5646639628823958,Balanced
441,E 52 St & 2 Ave,40.756014,-73.967416,0.13575505511874253,1101.5,-1.4814247045132654,-1.165694917385568,HighDemand&LowSupply
442,W 27 St & 7 Ave,40.746646999999996,-73.993915,0.14288515533717241,869.0,-1.438773565251042,-1.3668282012117228,HighDemand&LowSupply
443,Bedford Ave & S 9 St,40.708531,-73.96409,0.3123206581937622,19812.0,-0.4252370079917347,1.2857365898879283,Balanced
444,Broadway & W 24 St,40.742354,-73.989151,0.31213478218583196,1387.0,-0.42634888906729757,-0.970173349112803,Balanced
445,E 10 St & Avenue A,40.727408000000004,-73.98142,0.5891575593150817,2623.0,1.2307578393356524,-0.4296195792994652,Balanced
446,W 24 St & 7 Ave,40.744876,-73.995299,0.1531300309356504,699.0,-1.3774903290427492,-1.5515095445923448,HighDemand&LowSupply
447,8 Ave & W 52 St,40.763707000000004,-73.985162,0.10586768514297938,508.00000000000006,-1.660206255959477,-1.8222797630167542,HighDemand&LowSupply
448,W 37 St & 10 Ave,40.756603999999996,-73.997901,0.3964493994826235,1261.0,0.07800790452605003,-1.050969457427658,Balanced
449,W 52 St & 9 Ave,40.764618,-73.987895,0.08524484338027576,641.0,-1.7835688552298645,-1.6249955118742871,HighDemand&LowSupply
450,W 49 St & 8 Ave,40.762271999999996,-73.987882,0.0783060103946639,551.0,-1.8250758639562878,-1.7533477234075379,HighDemand&LowSupply
453,W 22 St & 8 Ave,40.744751,-73.999154,0.5310860148555837,1696.0,0.883382984279286,-0.7995433686965351,Balanced
454,E 51 St & 1 Ave,40.754557,-73.96593,0.11749560486226915,1342.0,-1.5906498671172185,-0.9981540205754151,Balanced
455,1 Ave & E 44 St,40.75002,-73.969053,0.2394993932564683,2878.0,-0.8608423735465738,-0.35091143302422456,Balanced
456,E 53 St & Madison Ave,40.759710999999996,-73.974023,0.23418984003298388,4237.0,-0.8926032867199498,-0.022800131641271065,Balanced
457,Broadway & W 58 St,40.766953,-73.981693,0.13973578131700376,522.0,-1.4576126258263533,-1.799216149844871,HighDemand&LowSupply
458,11 Ave & W 27 St,40.751396,-74.00522600000001,0.3871398084805742,1167.0,0.022319393826521327,-1.116690747562095,Balanced
459,W 20 St & 11 Ave,40.746745000000004,-74.007756,0.4521032497454397,1553.0,0.4109204927534584,-0.8742702377240538,Balanced
460,S 4 St & Wythe Ave,40.712859,-73.965903,0.5003833625939405,2812.0,0.6997245422918703,-0.3705930571987948,Balanced
461,E 20 St & 2 Ave,40.735877,-73.98205,0.40944088104595106,997.0000000000001,0.15572090608356678,-1.2502571569707062,Balanced
462,W 22 St & 10 Ave,40.74692,-74.00451899999999,0.5291480631626957,1773.0,0.8717904617333645,-0.761875803233332,Balanced
463,9 Ave & W 16 St,40.742065000000004,-74.004432,0.36595983413727334,1498.0,-0.10437588500721298,-0.9048600857644564,Balanced
465,Broadway & W 41 St,40.755136,-73.98658,0.0647146477835728,381.0,-1.906377259691322,-2.0663375057224718,HighDemand&LowSupply
466,W 25 St & 6 Ave,40.743953999999995,-73.991449,0.27516688813488926,1002.0000000000001,-0.6474850230759561,-1.2460132299897861,Balanced
467,Dean St & 4 Ave,40.683125,-73.978951,0.5985878886055948,9232.0,1.2871685875069967,0.637919209225124,Balanced
468,Broadway & W 55 St,40.765265,-73.981923,0.06321779352694187,577.0,-1.9153312066764987,-1.7142320361903836,HighDemand&LowSupply
469,Broadway & W 53 St,40.763441,-73.982681,0.10478028070626515,1241.0,-1.6667109384525474,-1.0645326437489364,HighDemand&LowSupply
470,W 20 St & 8 Ave,40.743453,-74.00004,0.4443974224850034,1941.0000000000002,0.3648254447812042,-0.6850736066766315,Balanced
471,Grand St & Havemeyer St,40.712868,-73.956981,0.4692003137078162,7349.000000000001,0.5131924431742392,0.44439874549971053,Balanced
472,E 32 St & Park Ave,40.745712,-73.981948,0.16857482310490893,604.0,-1.2851020088920118,-1.675434929862364,HighDemand&LowSupply
473,Rivington St & Chrystie St,40.721101000000004,-73.991925,0.5518201374051029,3173.0,1.0074112477325434,-0.2681269235504172,Balanced
474,5 Ave & E 29 St,40.745168,-73.98683100000001,0.2232928962577999,1399.0,-0.9577870923117224,-0.9628651123800888,Balanced
475,E 16 St & Irving Pl,40.735243,-73.987586,0.19933896956470984,1102.5,-1.101075718272867,-1.1649250813669556,HighDemand&LowSupply
476,E 31 St & 3 Ave,40.743943,-73.979661,0.14442112169814889,799.0,-1.4295856558027615,-1.4380752587060561,HighDemand&LowSupply
477,W 41 St & 8 Ave,40.756405,-73.990026,0.2502406497538929,1229.0,-0.7965898647895788,-1.0727758752535732,Balanced
478,11 Ave & W 41 St,40.760301,-73.99884200000001,0.5027761612474757,1617.0,0.7140378878931846,-0.8400100675018805,Balanced
479,9 Ave & W 45 St,40.760193,-73.99125500000001,0.2201486045506468,715.0,-0.9765957512890816,-1.5323096476832048,Balanced
480,W 53 St & 10 Ave,40.766697,-73.990617,0.3632089600592033,1100.5,-0.12083118153913795,-1.1664654526195515,Balanced
481,S 3 St & Bedford Ave,40.712604999999996,-73.962644,0.3567290112156697,3550.0,-0.159593217425149,-0.17288155521186516,Balanced
482,W 15 St & 7 Ave,40.739354999999996,-73.999318,0.48084393254987534,1469.0,0.5828427417023394,-0.9214446501733402,Balanced
483,E 12 St & 3 Ave,40.732233,-73.9889,0.4437746079882538,1537.0,0.3610998663150366,-0.883055913492373,Balanced
484,W 44 St & 5 Ave,40.755003,-73.980144,0.2354022581802015,1330.0,-0.8853507918521549,-1.0057740649282787,Balanced
485,W 37 St & 5 Ave,40.75038,-73.98339,0.13751769626370774,1114.5,-1.4708808621211327,-1.155741129871569,HighDemand&LowSupply
486,Broadway & W 29 St,40.746201,-73.988557,0.15918083694561325,833.0,-1.3412953581624585,-1.4027218418966436,HighDemand&LowSupply
487,E 20 St & FDR Drive,40.733143,-73.975739,0.5008452598009923,3146.0,0.702487538813557,-0.27537675381609306,Balanced
488,W 39 St & 9 Ave,40.756458,-73.99372199999999,0.34991111105728007,1401.0,-0.20037682497946832,-0.9616531704106976,Balanced
489,10 Ave & W 28 St,40.750664,-74.001768,0.4519279234739268,2263.0,0.4098717185436241,-0.5548605915307349,Balanced
490,8 Ave & W 33 St,40.751551,-73.993934,0.35260558993241076,963.0000000000001,-0.18425887569100444,-1.2796929811745479,Balanced
491,E 24 St & Park Ave S,40.740964,-73.98602199999999,0.23238384517678645,2422.0,-0.903406464201163,-0.49725506655295065,Balanced
492,W 33 St & 7 Ave,40.7502,-73.990931,0.2771558434697959,1405.0,-0.6355874047569074,-0.9592344681756416,Balanced
493,W 45 St & 6 Ave,40.7568,-73.982912,0.22932393285803257,2010.0000000000002,-0.9217103789343706,-0.6554392157476127,Balanced
494,W 26 St & 8 Ave,40.747347999999995,-73.997236,0.3520462494253407,1108.0,-0.1876047627236136,-1.1607034252553838,Balanced
495,W 47 St & 10 Ave,40.762699,-73.993012,0.45532167456675193,1104.0,0.43017260437230637,-1.1637716355953953,Balanced
496,E 16 St & 5 Ave,40.737262,-73.99239,0.3507024193270109,1695.0,-0.1956433432361961,-0.8000437280353073,Balanced
497,E 17 St & Broadway,40.73705,-73.990093,0.3801891873693224,1446.0,-0.019258129615390862,-0.9348324150583553,Balanced
498,Broadway & W 32 St,40.748549,-73.988084,0.08439739608597102,454.0,-1.7886381517978651,-1.9176219789009443,HighDemand&LowSupply
499,Broadway & W 60 St,40.769155,-73.98191800000001,0.1879198310725979,572.0,-1.169383210616773,-1.7216155400140924,HighDemand&LowSupply
500,Broadway & W 51 St,40.762288,-73.983362,0.17155987911464293,2013.5000000000002,-1.2672458728383256,-0.6539632579650914,Balanced
501,FDR Drive & E 35 St,40.744219,-73.971212,0.2824990112465209,1618.0,-0.6036254146073908,-0.8394855795505255,Balanced
502,Henry St & Grand St,40.714215,-73.981346,0.5239345353559821,2900.0,0.8406039575160954,-0.34445106841778345,Balanced
503,E 20 St & Park Ave,40.738274,-73.98751999999999,0.24436915102396436,1211.0,-0.8317122476925354,-1.0852928779068278,Balanced
504,1 Ave & E 15 St,40.732219,-73.981656,0.4299754989580323,1265.0,0.2785557641408057,-1.048282648422421,Balanced
505,6 Ave & W 33 St,40.749013,-73.988484,0.16472690686488678,650.0,-1.3081196392751504,-1.6131669188425621,HighDemand&LowSupply
507,E 25 St & 2 Ave,40.739126,-73.979738,0.2296959801730807,813.0,-0.9194848503499001,-1.4233391198607663,Balanced
508,W 46 St & 11 Ave,40.763414000000004,-73.996674,0.4359174512788568,988.0000000000001,0.31409958935519877,-1.2579501397706854,Balanced
509,9 Ave & W 22 St,40.745497,-74.001971,0.5898639014030701,1763.5,1.2349830667291877,-0.7664336610654343,Balanced
510,W 51 St & 6 Ave,40.760659999999994,-73.98042,0.21186245365712653,3979.0000000000005,-1.026162204057,-0.07609824980368673,Balanced
511,E 14 St & Avenue B,40.729387,-73.977724,0.4867696181270884,5767.0,0.6182892618121953,0.23874608750468393,Balanced
513,W 56 St & 10 Ave,40.768254,-73.988639,0.16118543657089227,929.0000000000001,-1.329304158156352,-1.310186976424497,HighDemand&LowSupply
514,12 Ave & W 40 St,40.760875,-74.00277700000001,0.5238133169217318,1099.0,0.8398788478876229,-1.1676225692812692,Balanced
515,W 43 St & 10 Ave,40.760094,-73.994618,0.4489415470079207,1625.0,0.39200768372798156,-0.8358232151577973,Balanced
516,E 47 St & 1 Ave,40.752069,-73.967844,0.18976727146269437,2553.5,-1.1583321124634833,-0.4524011923263391,Balanced
517,Pershing Square South,40.751581,-73.97791,0.09925053381605846,357.0,-1.6997890155445674,-2.1215348059548953,HighDemand&LowSupply
518,E 39 St & 2 Ave,40.747803999999995,-73.973442,0.15924625315286853,608.0,-1.340904048688513,-1.6698351786116998,HighDemand&LowSupply
519,Pershing Square North,40.751872999999996,-73.97770600000001,0.18125702951614234,164.0,-1.209239042702612,-2.7814474554584194,HighDemand&LowSupply
520,W 52 St & 5 Ave,40.759923,-73.976485,0.12144860519229923,26145.0,-1.5670036402179206,1.5210461204305445,Balanced
521,8 Ave & W 31 St,40.750966999999996,-73.994442,0.5677181830460416,1837.5000000000002,1.102510858938033,-0.7315614463303503,Balanced
522,E 51 St & Lexington Ave,40.757148,-73.972078,0.2372086248097057,4709.5,-0.8745453904814317,0.06689372890574097,Balanced
523,W 38 St & 8 Ave,40.754666,-73.991382,0.17718381093851054,634.0,-1.233604396270995,-1.634310922553321,HighDemand&LowSupply
524,W 43 St & 6 Ave,40.755272999999995,-73.98316899999999,0.16984192932870498,2634.0,-1.2775223785424321,-0.42606927867295985,Balanced
525,W 34 St & 11 Ave,40.755942,-74.002116,0.23775744206471636,1565.0,-0.871262451889283,-0.8677401793050784,Balanced
526,E 33 St & 5 Ave,40.747659000000006,-73.98490699999999,0.14212114394332387,850.5,-1.44334376137153,-1.3850838004597759,HighDemand&LowSupply
527,E 33 St & 2 Ave,40.744023,-73.976056,0.1441843962695023,667.0,-1.431001710123852,-1.591264249039393,HighDemand&LowSupply
528,2 Ave & E 31 St,40.742909000000004,-73.97706099999999,0.14602197541331652,807.0,-1.4200096003964748,-1.429623291071341,HighDemand&LowSupply
529,W 42 St & 8 Ave,40.75757,-73.990985,0.42058609536862934,3118.0,0.22238982708346772,-0.2829611142153333,Balanced
530,11 Ave & W 59 St,40.771522,-73.99054100000001,0.4320163488142727,1799.0,0.2907638073330747,-0.749525450687244,Balanced
531,Forsyth St & Broome St,40.718939,-73.99266300000001,0.4253634900365294,1872.0000000000002,0.2509674513873347,-0.7157807548541415,Balanced
532,S 5 Pl & S 4 St,40.710451,-73.960876,0.5202260487190778,2418.0,0.8184203731123506,-0.49865731354045856,Balanced
533,Broadway & W 39 St,40.752996,-73.987216,0.1002045336799944,966.0000000000001,-1.6940823382460213,-1.277054225596738,HighDemand&LowSupply
534,Water - Whitehall Plaza,40.702551,-74.012723,0.2856365339570953,6047.0,-0.5848572467040556,0.2789670250242369,Balanced
536,1 Ave & E 30 St,40.741444,-73.97536099999999,0.2818008798761475,1102.0,-0.6078015267781787,-1.1653099120536616,Balanced
537,Lexington Ave & E 24 St,40.740259,-73.984092,0.20714565150747852,727.0,-1.054377373436666,-1.5181896118670934,HighDemand&LowSupply
539,Metropolitan Ave & Bedford Ave,40.715348,-73.960241,0.441794864113808,3322.0,0.3492573495052074,-0.2291961436643653,Balanced
540,Lexington Ave & E 29 St,40.743116,-73.98215400000001,0.195272687136229,745.0,-1.125399580886801,-1.4974406615703502,HighDemand&LowSupply
545,E 23 St & 1 Ave,40.736502,-73.978095,0.5142959561650872,1021.0000000000001,0.7829474911598123,-1.230077194971207,Balanced
546,E 30 St & Park Ave S,40.744448999999996,-73.983035,0.21200836900287062,933.0000000000001,-1.0252893613842224,-1.3065420331835735,HighDemand&LowSupply
2000,Front St & Washington St,40.702551,-73.989402,0.53693319488657,5306.0,0.9183598965459981,0.16806609078296458,Balanced
2001,Sands St & Navy St,40.699773,-73.979927,0.5148819027230482,17092.0,0.7864525314086465,1.1604531913295157,Balanced
2002,Wythe Ave & Metropolitan Ave,40.716887,-73.96319799999999,0.5474373624812283,3487.0,0.9811941767368261,-0.18807213635532166,Balanced
2003,1 Ave & E 18 St,40.733812,-73.980544,0.5010981603004696,1756.0,0.7040003498670135,-0.7700493473211187,Balanced
2004,6 Ave & Broome St,40.724399,-74.004704,0.3609463058779228,3692.0000000000005,-0.13436602335504955,-0.13960830103262545,Balanced
2005,Railroad Ave & Kay Ave,40.705312,-73.971001,0.4906002189282281,67831.0,0.6412033139604512,2.329839025279653,Balanced
2006,Central Park S & 6 Ave,40.765909,-73.976342,0.29103767341335535,1034.0,-0.5525484790757705,-1.2193435529594518,Balanced
2008,Little West St & 1 Pl,40.705693,-74.016777,0.445963984121774,1245.0,0.3741963703623138,-1.0618026036317798,Balanced
2009,Catherine St & Monroe St,40.711174,-73.996826,0.5395212202090617,8952.5,0.9338410574080065,0.6118381972555689,Balanced
2010,Grand St & Greene St,40.721655,-74.002347,0.33825376924879946,3743.5000000000005,-0.2701092121366201,-0.12785624690401157,Balanced
2012,E 27 St & 1 Ave,40.739445,-73.97680600000001,0.23951315827063496,1641.0,-0.8607600333945165,-0.8275109944968276,Balanced
2017,E 43 St & 2 Ave,40.750223999999996,-73.971214,0.11370074596174838,1896.5000000000002,-1.6133501168315545,-0.704749790767378,Balanced
2021,W 45 St & 8 Ave,40.759291,-73.988597,0.08630282221370658,687.0,-1.7772401920724374,-1.5662001148647833,HighDemand&LowSupply
2022,E 60 St & York Ave,40.759107,-73.959223,0.14269275975661397,3051.0,-1.4399244453857452,-0.30138948306987595,Balanced
2023,E 55 St & Lexington Ave,40.759681,-73.970314,0.2285352918711217,6290.5,-0.9264279054108833,0.312458786310688,Balanced
3002,South End Ave & Liberty St,40.711512,-74.01575600000001,0.5019591480195779,808.0,0.7091506431287872,-1.4285726912661199,Balanced
3016,Kent Ave & N 7 St,40.720368,-73.961651,0.6539689604843073,3326.0,1.618449458298224,-0.22817525396921345,Balanced
3041,Kingston Ave & Herkimer St,40.678907,-73.941428,0.4170279915843631,40662.0,0.20110580927682856,1.895712122762972,Balanced
3042,Fulton St & Utica Ave,40.679427000000004,-73.929891,0.5181871996297291,21329.0,0.8062242981932777,1.3483283936490253,Balanced
3043,Lewis Ave & Decatur St,40.681459999999994,-73.934903,0.5227768381999479,45486.0,0.833678795020081,1.9908221778324355,Balanced
3044,Albany Ave & Fulton St,40.680011,-73.938475,0.4588841480864586,57596.0,0.4514827612498,2.191076131854575,Balanced
3046,Marcus Garvey Blvd & Macon St,40.682601,-73.938037,0.5890699706589912,42069.0,1.2302338977563951,1.9245708708453728,LowDemand&HighSupply
3047,Halsey St & Tompkins Ave,40.682369,-73.944118,0.44331599477285394,31735.000000000004,0.35835651411544817,1.6854260764001348,Balanced
3048,Putnam Ave & Nostrand Ave,40.684020000000004,-73.94977,0.30627828556125813,31774.000000000004,-0.4613815317330755,1.6864680079152405,Balanced
3049,Cambridge Pl & Gates Ave,40.68488,-73.96304,0.3116510656118092,29422.000000000004,-0.42924240561405835,1.6212243883213195,Balanced
3050,Putnam Ave & Throop Ave,40.685153,-73.94111,0.29771449554029855,31595.000000000004,-0.512608778140114,1.6816752320522297,Balanced
3052,Lewis Ave & Madison St,40.686312,-73.935775,0.47276713576970125,38550.0,0.5345286123478237,1.8504624266856646,Balanced
3053,Marcy Ave & Lafayette Ave,40.690081,-73.94791500000001,0.3250499921532317,34917.0,-0.3490921322132229,1.7664898925474155,Balanced
3054,Greene Ave & Throop Ave,40.689493,-73.942061,0.33377884431193583,40328.0,-0.296877510031905,1.8887148739519488,Balanced
3055,Greene Ave & Nostrand Ave,40.688334000000005,-73.950916,0.32516191939328853,15709.000000000002,-0.3484226010486313,1.0888714206856498,Balanced
3056,Kosciuszko St & Nostrand Ave,40.690725,-73.951335,0.26897554522250067,9812.5,-0.6845206636261272,0.6896533204204927,Balanced
3057,Kosciuszko St & Tompkins Ave,40.691283,-73.94524200000001,0.4224616632004235,37936.0,0.23360917917375498,1.8368415350320697,Balanced
3058,Lewis Ave & Kosciuszko St,40.692371,-73.937054,0.3223918976524102,32690.000000000004,-0.3649924358910936,1.7105791200400724,Balanced
3059,Pulaski St & Marcus Garvey Blvd,40.693397999999995,-73.939877,0.2826425802244648,43846.0,-0.6027666075381446,1.9596695005840914,Balanced
3060,Willoughby Ave & Tompkins Ave,40.694254,-73.946269,0.46020993833661983,36026.0,0.4594134302249657,1.79301561145674,Balanced
3061,Throop Ave & Myrtle Ave,40.696228999999995,-73.943711,0.3161241411952012,37784.0,-0.40248517026068,1.8334355451530038,Balanced
3062,Myrtle Ave & Marcy Ave,40.695398,-73.949549,0.4012903397664325,19882.5,0.10696564872032643,1.288750074824409,Balanced
3063,Nostrand Ave & Myrtle Ave,40.69527,-73.952381,0.5988721551843742,33777.0,1.2888690255187625,1.738329694395367,LowDemand&HighSupply
3064,Myrtle Ave & Lewis Ave,40.69682,-73.937569,0.5233492965648819,10581.0,0.8371031510174224,0.7536220302904795,Balanced
3065,Union Ave & Wallabout St,40.700295000000004,-73.950323,0.3009672826766144,17020.0,-0.49315111655174343,1.156871932207993,Balanced
3066,Tompkins Ave & Hopkins St,40.699576,-73.947084,0.48634277636186746,20843.5,0.6157359614358114,1.3287944980845583,Balanced
3067,Broadway & Whiple St,40.701665999999996,-73.94373,0.5461117835879471,31312.000000000004,0.9732647720653091,1.6740421456557877,Balanced
3068,Humboldt St & Varet St,40.703171999999995,-73.940636,0.6373278164835344,25900.0,1.5189047494559724,1.513058819143493,LowDemand&HighSupply
3069,Lorimer St & Broadway,40.704118,-73.94818599999999,0.39578525885991395,22821.0,0.07403511966733711,1.4056889439921547,Balanced
3070,McKibbin St & Manhattan Ave,40.705109,-73.944073,0.361258669690704,33366.0,-0.13249751210397706,1.727943503717656,Balanced
3071,Boerum St & Broadway,40.705381,-73.949765,0.46989702091479246,14672.000000000002,0.5173600362233428,1.030934524449526,Balanced
3072,Leonard St & Boerum St,40.705833,-73.946446,0.4129452070208296,42437.0,0.17668323348373965,1.9319596520371636,Balanced
3073,Division Ave & Hooper St,40.706913,-73.954417,0.3404043114756063,11921.0,-0.2572450064179201,0.8547817519366627,Balanced
3074,Montrose Ave & Bushwick Ave,40.707678,-73.940162,0.5154588614366902,9204.0,0.7899038077848872,0.6353422861589021,Balanced
3075,Division Ave & Marcy Ave,40.707087,-73.95796800000001,0.24065801329948222,27302.0,-0.8539116904856459,1.5577817651568164,Balanced
3076,Scholes St & Manhattan Ave,40.708704,-73.944862,0.33726408235006516,25291.0,-0.27602936367036807,1.492872647763649,Balanced
3077,Stagg St & Union Ave,40.708771,-73.950953,0.3102117465979286,11499.0,-0.437852185816742,0.8242056332349473,Balanced
3078,Broadway & Roebling St,40.709255999999996,-73.959822,0.23528557051137056,4655.0,-0.8860487991537394,0.05701896777813109,Balanced
3079,Leonard St & Grand St,40.711034999999995,-73.94714300000001,0.4417830935204477,10785.5,0.349186939665061,0.7698619162066154,Balanced
3080,S 4 St & Rodney St,40.709340000000005,-73.95608,0.3364759353804828,7243.5,-0.2807439350128391,0.4321316961711625,Balanced
3081,Graham Ave & Grand St,40.711863,-73.944024,0.25853007485073515,7615.000000000001,-0.747003826251814,0.4745627831465011,Balanced
3082,Hope St & Union Ave,40.711674,-73.951413,0.3882560912209429,7389.000000000001,0.028996821794843097,0.4490037736846095,Balanced
3083,Bushwick Ave & Powers St,40.712477,-73.941,0.21107364695309552,8030.500000000001,-1.0308807218272888,0.5196333997525752,Balanced
3083,Bushwick Ave & Poowers St,40.712477,-73.941,0.21107364695309552,8030.500000000001,-1.0308807218272888,0.5196333997525752,Balanced
3084,Devoe St & Leonard St,40.713487,-73.947925,0.2775185458282375,5565.0,-0.6334177762346261,0.20849781363504502,Balanced
3085,Roebling St & N 4 St,40.714690000000004,-73.95739,0.34359869794842945,6794.0,-0.23813668842295288,0.37778186277198217,Balanced
3086,Graham Ave & Conselyea St,40.715143,-73.944507,0.24226292859942605,3558.0,-0.844311339317363,-0.17097191065922415,Balanced
3087,Metropolitan Ave & Meeker Ave,40.714133000000004,-73.952344,0.26590776197652294,5293.0,-0.7028716610093485,0.16598501227060058,Balanced
3088,Union Ave & Jackson St,40.716075,-73.95202900000001,0.42141214329088444,9494.0,0.22733111597002575,0.6616599573372894,Balanced
3089,Leonard St & Meeker Ave,40.717318,-73.948202,0.30548812525704044,16826.5,-0.4661081465270105,1.1471717091238136,Balanced
3090,N 8 St & Driggs Ave,40.717746000000005,-73.956001,0.39232385866646124,3326.0,0.05332956754737711,-0.22817525396921345,Balanced
3091,Frost St & Meeker St,40.71764,-73.94882,0.21713885399682784,9822.5,-0.9945996062256052,0.6905174500946905,Balanced
3092,Berry St & N 8 St,40.719009,-73.958525,0.3871191174907539,4639.0,0.022195623576277305,0.05409799485834055,Balanced
3093,N 6 St & Bedford Ave,40.717452,-73.95850899999999,0.40843295414817266,3202.0,0.1496916457413112,-0.2604084647266658,Balanced
3094,Graham Ave & Withers St,40.716981,-73.944859,0.3200133782166206,7327.000000000001,-0.37922036545533,0.44185528445655897,Balanced
3095,Graham Ave & Herbert St,40.719293,-73.945004,0.3115674990823772,16099.000000000002,-0.4297422874635804,1.1096760410757431,Balanced
3096,Union Ave & N 12 St,40.71924,-73.95241999999999,0.27986159798273097,5160.0,-0.6194020063746675,0.14439544610764526,Balanced
3097,N Henry St & Richardson St,40.719215999999996,-73.942447,0.2823303482629599,10163.0,-0.6046343300755981,0.7194278375275923,Balanced
3098,Leonard St & Bayard St,40.71928,-73.94861,0.21875548669065709,6251.0,-0.9849291634480759,0.30711487999036574,Balanced
3099,Leonard St & Manhattan Ave,40.721522,-73.948983,0.2271096901517628,11395.5,-0.9349556309129284,0.8165351640028821,Balanced
3100,Nassau Ave & Newell St,40.724813,-73.947526,0.287383773847396,13713.5,-0.5744055321975607,0.973619233405504,Balanced
3101,N 12 St & Bedford Ave,40.720797999999995,-73.954847,0.22247976747391326,4250.0,-0.9626511009423485,-0.02020117354741599,Balanced
3102,Driggs Ave & Lorimer St,40.721790999999996,-73.950415,0.2507150007532442,4902.0,-0.7937523716390318,0.10088030615653272,Balanced
3103,N 11 St & Wythe Ave,40.721533,-73.957824,0.35086870391379504,7551.000000000001,-0.19464865496382658,0.46740264688177385,Balanced
3105,N 15 St & Wythe Ave,40.724055,-73.955736,0.3855374191332054,11696.0,0.012734152509677467,0.8386165655799939,Balanced
3106,Driggs Ave & N Henry St,40.72325,-73.94308000000001,0.42593393804958474,6028.0,0.25437978177559384,0.2762972380669708,Balanced
3107,Bedford Ave & Nassau Ave,40.723116999999995,-73.952123,0.38904910084332517,3340.5,0.033740480762368436,-0.224484793218961,Balanced
3108,Nassau Ave & Russell St,40.725570000000005,-73.94434,0.4623040845645852,5414.0,0.47194028393924353,0.18516047461496316,Balanced
3109,Banker St & Meserole Ave,40.72606,-73.95621,0.4873248615747945,11939.5,0.6216106408793979,0.8560972858927349,Balanced
3110,Meserole Ave & Manhattan Ave,40.727086,-73.952991,0.35603122858145275,4166.0,-0.1637672435110406,-0.03713666361508562,Balanced
3111,Norman Ave & Leonard St,40.725848,-73.950649,0.286137464100598,6690.5,-0.5818607612891729,0.3647584796137091,Balanced
3112,Milton St & Franklin St,40.72906,-73.95779,0.5715120834941789,4476.0,1.1252053753407982,0.02375300344284105,Balanced
3113,Greenpoint Ave & Manhattan Ave,40.730259999999994,-73.95394,0.48962951741871685,5709.0,0.6353967300421496,0.2301707555867986,Balanced
3114,India St & East River,40.731651,-73.961619,0.4777773020342004,33257.0,0.5644986397706784,1.7251675482955,Balanced
3115,India St & Manhattan Ave,40.732321999999996,-73.955086,0.48281726480736287,8326.0,0.5946469052268841,0.5502900112727214,Balanced
3116,Huron St & Franklin St,40.732659999999996,-73.95826,0.5005519221986678,12073.0,0.7007328393641373,0.8655304665014846,Balanced
3117,Franklin St & Dupont St,40.735640000000004,-73.95866,0.46038724843366385,11894.0,0.4604740713674388,0.8528581148054403,Balanced
3118,McGuinness Blvd & Eagle St,40.73555,-73.95284000000001,0.2958521460360622,7242.0,-0.5237490602717456,0.4319559978720369,Balanced
3119,Vernon Blvd & 50 Ave,40.742327,-73.95411700000001,0.3814924448717123,7207.0,-0.01146224799716448,0.4278460066926807,Balanced
3120,Center Blvd & Borden Ave,40.741609999999994,-73.96044,0.5173499387254769,10652.0,0.8012159350101381,0.7592956261208987,Balanced
3121,Jackson Ave & 46 Rd,40.745248,-73.947333,0.31340694145057213,11373.0,-0.41873903222069786,0.8148584537246321,Balanced
3122,48 Ave & 5 St,40.744363,-73.955873,0.5490238863671236,26469.0,0.9906845133558344,1.5314947411961066,Balanced
3123,31 St & Thomson Ave,40.744696999999995,-73.935404,0.38895188024779326,27974.0,0.033158922434693074,1.5784100846498155,Balanced
3124,46 Ave & 5 St,40.74731,-73.95451,0.5649332110764055,10954.0,1.0858515941760443,0.7830132208522568,Balanced
3125,45 Rd & 11 St,40.747085999999996,-73.949772,0.4791420912231836,9209.0,0.5726625942705658,0.6358030254491572,Balanced
3126,44 Dr & Jackson Ave,40.747182,-73.943264,0.32272550692956775,10175.0,-0.3629968376100993,0.7204289499273279,Balanced
3127,9 St & 44 Rd,40.74966,-73.9521,0.4237768359422045,35363.0,0.24147633588195816,1.7772574878197187,Balanced
3128,21 St & 43 Ave,40.750525,-73.945948,0.33300574739652994,24752.0,-0.30150205431487903,1.4745970323612214,Balanced
3129,Queens Plaza North & Crescent St,40.751102,-73.940737,0.4789729807208183,3985.0000000000005,0.571651001815183,-0.07481995840016464,Balanced
3131,E 68 St & 3 Ave,40.767128,-73.962246,0.07447196469880571,1232.0,-1.848010522923506,-1.0707075461486963,HighDemand&LowSupply
3132,E 59 St & Madison Ave,40.763505,-73.971092,0.25068964009678035,4664.0,-0.7939040751014635,0.05865760614758656,Balanced
3134,3 Ave & E 62 St,40.763126,-73.96526899999999,0.08087283825935351,1279.0,-1.8097215029564166,-1.0389452669921175,HighDemand&LowSupply
3135,E 75 St & 3 Ave,40.771128999999995,-73.957723,0.3713658327344768,4275.0,-0.07203805076124724,-0.015225445299728168,Balanced
3136,5 Ave & E 63 St,40.766505,-73.971476,0.18059913471583466,2900.0,-1.2131744660330284,-0.34445106841778345,Balanced
3137,5 Ave & E 73 St,40.772828000000004,-73.966853,0.25946090562804625,815.0,-0.7414357427892506,-1.421254698089067,Balanced
3138,E 77 St & Park Ave,40.774405,-73.961753,0.15141523245499566,2474.0,-1.3877479841337683,-0.4792336862163388,Balanced
3139,E 72 St & Park Ave,40.771183,-73.96409399999999,0.2042528205946747,1572.0,-1.0716818334504454,-0.8639540623164791,Balanced
3140,1 Ave & E 78 St,40.771404,-73.953517,0.5822233798625228,4899.0,1.1892786673128128,0.10036095552243991,Balanced
3141,1 Ave & E 68 St,40.765005,-73.958185,0.21861822965428782,1207.5,-0.9857502134745222,-1.087748333265851,Balanced
3142,1 Ave & E 62 St,40.761227000000005,-73.96094000000001,0.13445217205503088,1187.0,-1.4892183462981483,-1.1022747807290951,HighDemand&LowSupply
3143,5 Ave & E 78 St,40.776829,-73.963888,0.20906518819281925,1162.0,-1.0428950065726217,-1.1203333432582936,HighDemand&LowSupply
3144,E 81 St & Park Ave,40.776777,-73.95900999999999,0.21480394616612428,4698.0,-1.0085666580202464,0.0648196101592015,Balanced
3145,E 84 St & Park Ave,40.778627,-73.95772099999999,0.48571606517799715,3627.0,0.6119870735995151,-0.15467724489229973,Balanced
3146,E 81 St & 3 Ave,40.775729999999996,-73.956753,0.36304473722341435,6767.5,-0.12181353674098577,0.37446636694585167,Balanced
3147,E 85 St & 3 Ave,40.778012,-73.954071,0.5313982425301335,2394.5,0.8852506811728472,-0.5069426539949291,Balanced
3148,E 84 St & 1 Ave,40.775655,-73.950686,0.6348057037516323,7978.500000000001,1.5038178673550258,0.5141221454168643,Balanced
3150,E 85 St & York Ave,40.775369,-73.94803399999999,0.37453831266171916,20764.5,-0.0530607742801015,1.3255729801050935,Balanced
3151,E 81 St & York Ave,40.772838,-73.949892,0.46521339923994265,16479.0,0.4893433472307754,1.1294679945822474,Balanced
3152,3 Ave & E 71 St,40.768737,-73.961199,0.09454866852348559,1714.5,-1.7279148349920115,-0.7903395570722762,Balanced
3153,E 71 St & 2 Ave,40.768175,-73.959103,0.14602733310203955,2014.5000000000002,-1.4199775515443058,-0.6535420269562904,Balanced
3154,E 77 St & 3 Ave,40.773142,-73.958562,0.18319871459045525,2142.0,-1.1976241876555762,-0.6014791145989816,Balanced
3155,Lexington Ave & E 63 St,40.7644,-73.96649000000001,0.0980385402037875,1507.0,-1.707038970911012,-0.8997783846407826,Balanced
3156,E 72 St & York Ave,40.766638,-73.95348299999999,0.29785729186701326,1426.0,-0.511754592949126,-0.9466481942817117,Balanced
3157,East End Ave & E 86 St,40.775186,-73.944461,0.42002588054402146,26780.0,0.2190387100207156,1.5414045130940384,Balanced
3158,W 63 St & Broadway,40.771639,-73.982614,0.13568667151111086,1000.0000000000001,-1.4818337645100397,-1.2477082539988118,HighDemand&LowSupply
3159,W 67 St & Broadway,40.774925,-73.98266600000001,0.17225685500132937,1055.0,-1.2630766725894094,-1.2022864499641575,HighDemand&LowSupply
3160,Central Park West & W 76 St,40.778968,-73.973747,0.35241772526223125,1520.5,-0.18538265263169407,-0.8922124552782119,Balanced
3161,W 76 St & Columbus Ave,40.780184000000006,-73.977285,0.24679170505591017,2722.5,-0.8172209100925802,-0.39803357438377773,Balanced
3162,W 78 St & Broadway,40.7834,-73.98093100000001,0.33564040701900205,2813.0,-0.2857419343973276,-0.37029141835675705,Balanced
3163,Central Park West & W 68 St,40.773407,-73.977825,0.25212782303329456,1216.0,-0.7853010907350911,-1.081797367257823,Balanced
3164,Columbus Ave & W 72 St,40.777057,-73.978985,0.2569071173440204,1610.0,-0.7567121030663025,-0.843690590560133,Balanced
3165,Central Park West & W 72 St,40.775794,-73.976206,0.3514989158445485,1280.0,-0.19087882620969446,-1.0382822273067103,Balanced
3166,Riverside Dr & W 72 St,40.780578000000006,-73.985624,0.5216029410599413,4560.0,0.8266567267652013,0.039526405075101585,Balanced
3167,Amsterdam Ave & W 73 St,40.779668,-73.98093,0.26403440347887336,1770.0,-0.7140777972099019,-0.7633124830589788,Balanced
3168,Central Park West & W 85 St,40.784727000000004,-73.969617,0.522835953321247,1233.0,0.8340324123878303,-1.0700192221885865,Balanced
3169,Riverside Dr & W 82 St,40.787209000000004,-73.98128100000001,0.4158903719450899,5452.0,0.19430074733160285,0.19109417281609542,Balanced
3170,W 84 St & Columbus Ave,40.785,-73.97283399999999,0.3219958256390057,2797.5,-0.36736167644649576,-0.374978915580149,Balanced
3171,Amsterdam Ave & W 82 St,40.785247,-73.976673,0.40378575645046183,4118.0,0.12189283925724248,-0.04696807331560158,Balanced
3172,W 74 St & Columbus Ave,40.778566999999995,-73.97755,0.310153803326171,2887.0,-0.4381987933646493,-0.3482626075909331,Balanced
3173,Riverside Blvd & W 67 St,40.777507,-73.988886,0.525348103650515,6538.0,0.8490597009614606,0.34519760500143115,Balanced
3175,W 70 St & Amsterdam Ave,40.77748,-73.982886,0.3040702414703258,1623.0,-0.47458970456857924,-0.8368679926719823,Balanced
3176,W 64 St & West End Ave,40.774528000000004,-73.987538,0.313891504065001,3575.0,-0.4158404547931532,-0.1669281326445628,Balanced
3177,W 84 St & Broadway,40.786795,-73.977112,0.41909382606958195,4363.0,0.21346330659419102,0.0020605457897966695,Balanced
3178,Riverside Dr & W 78 St,40.784145,-73.983625,0.4341675143096117,5603.0,0.3036317413462095,0.21427105420005543,Balanced
3179,Park Ave & Marcus Garvey Blvd,40.698617,-73.941342,0.42062641086735253,37695.0,0.22263098806266743,1.8314348825357216,Balanced
3180,Brooklyn Bridge Park - Pier 2,40.69878,-73.99712,0.35507144313832883,3057.0,-0.16950852923528917,-0.2997227649811329,Balanced
3182,Yankee Ferry Terminal,40.686931,-74.016966,0.7947325283854558,1573.5,2.4604750054400286,-0.8631449451981166,Balanced
3221,47 Ave & 31 St,40.743,-73.93561,0.41015706166799676,30599.000000000004,0.1600049860420535,1.6545009695147654,Balanced
3222,Hanson Pl & St Felix St,40.685159999999996,-73.977114,0.6066042684663535,6411.5,1.3351213123419634,0.3286223152954024,Balanced
3223,E 55 St & 3 Ave,40.758996999999994,-73.968654,0.18129812852123642,3799.0000000000005,-1.2089931949114021,-0.11537105305272242,Balanced
3224,W 13 St & Hudson St,40.739974,-74.005139,0.5314225265064564,1965.0000000000002,0.8853959441038383,-0.6746481699855913,Balanced
3226,W 82 St & Central Park West,40.78275,-73.97137,0.25184611563678005,3083.0,-0.7869862201206336,-0.29253792070378015,Balanced
3229,Marcy Ave & MacDonough St,40.680618,-73.946249,0.14260671220689006,26341.0,-1.4404391683088482,1.52738225512771,Balanced
3230,Penn Station Valet,40.751284000000005,-73.99692399999999,0.3536601009735653,51707.0,-0.177950956322132,2.099572145582912,Balanced
3231,E 67 St & Park Ave,40.767808,-73.965921,0.06655439763426724,1660.0,-1.8953721651364377,-0.8177448609260622,Balanced
3232,Bond St & Fulton St,40.689622,-73.98304300000001,0.5593813214147236,14161.0,1.0526410625040175,1.0008608612625056,LowDemand&HighSupply
3233,E 48 St & 5 Ave,40.757246,-73.978059,0.20590108619805955,1885.5000000000002,-1.0618221675779536,-0.7096847341263347,Balanced
3235,E 41 St & Madison Ave,40.752165000000005,-73.979922,0.09895273430907889,964.0000000000001,-1.7015704054066028,-1.278812483706515,HighDemand&LowSupply
3236,W 42 St & Dyer Ave,40.758984999999996,-73.9938,0.37532746368907494,20457.0,-0.048340196821782186,1.3129157355310863,Balanced
3237,21 St & 41 Ave,40.753833,-73.942677,0.36261998222974245,22100.0,-0.12435435437782597,1.3784535956704633,Balanced
3238,E 80 St & 2 Ave,40.773914000000005,-73.95439499999999,0.3671201908226289,7461.000000000001,-0.09743481362464958,0.45723035193505396,Balanced
3241,Monroe St & Tompkins Ave,40.686203000000006,-73.944694,0.33021053784886345,30299.500000000004,-0.3182225586601704,1.6461564080165176,Balanced
3242,Schermerhorn St & Court St,40.691029,-73.991834,0.6259431694390697,5806.0,1.4508035795327743,0.24446390231214707,Balanced
3243,E 58 St & 1 Ave,40.758924,-73.962262,0.13396998894452042,1731.0,-1.4921026899071084,-0.7822141561883478,Balanced
3244,University Pl & E 8 St,40.731437,-73.99490300000001,0.2321518081229794,1463.0,-0.9047944734005765,-0.9249167937689212,Balanced
3246,Montague St & Clinton St,40.694281,-73.9923,0.4025597316589248,6746.0,0.1145589515809343,0.3717668828851175,Balanced
3249,Verona Pl & Fulton St,40.680356,-73.94767900000001,0.4460514881231537,22262.0,0.3747198055503915,1.3846496556712096,Balanced
3252,Bike The Branches - Red Hook Branch,40.67535,-74.01002,0.5052083333333333,244.00000000000003,0.728586759180501,-2.4443928067734144,Balanced
3253,Bike The Branches - Central Branch,40.672806,-73.968866,0.5945945945945945,683.0,1.2632813301388695,-1.5711540514777795,Balanced
3254,Soissons Landing,40.692316999999996,-74.014866,0.6812777244925053,1903.0000000000002,1.781806193983678,-0.7018471244152381,Balanced
3255,8 Ave & W 31 St,40.750585,-73.994685,0.5136507804563804,1264.0,0.7790881514369946,-1.048953553348091,Balanced
3256,Pier 40 - Hudson River Park,40.727714,-74.011296,0.41415279430260776,939.5000000000001,0.18390683087347626,-1.300652199087848,Balanced
3257,Adventures NYC,40.773769,-73.97117,0.7333333333333332,329.0,2.093194667361811,-2.190827117804918,Balanced
3258,W 27 St & 10 Ave,40.750182,-74.002184,0.29521728834436617,1898.0000000000002,-0.5275466792379182,-0.704079062651563,Balanced
3259,8th Ave & W 28 St,40.74937,-73.999234,0.41085526800417826,1923.5000000000002,0.16418154664652726,-0.692757078319911,Balanced
3260,Mercer St & Bleecker St,40.727064,-73.99662099999999,0.4876112874688376,1942.0000000000002,0.6233239955758104,-0.6846366459488171,Balanced
3263,Cooper Square & E 7 St,40.729236,-73.990868,0.4548597057227495,928.0000000000001,0.4274091793296362,-1.311100664433436,Balanced
3264,E 61 St & Park Ave,40.76421,-73.969105,0.19079602973566523,3936.5000000000005,-1.1521782421077442,-0.08520837902759629,Balanced
3265,E 2 St & 2 Ave,40.724563,-73.98944399999999,0.6821698693305602,3035.0,1.7871428642357452,-0.3058501399942203,Balanced
3266,Kiosk in a box Deployment,40.708611,-73.928504,0.0,130.0,-2.2934901151023097,-2.9785484338812043,HighDemand&LowSupply
3282,5 Ave & E 88 St,40.78307,-73.95939,0.32127440102589433,1349.0,-0.3716771251356285,-0.9937403988477426,Balanced
3283,W 89 St & Columbus Ave,40.788221,-73.970416,0.23755376834130723,1921.5000000000002,-0.8724807961025557,-0.6936396367706856,Balanced
3284,E 88 St & Park Ave,40.781411,-73.955959,0.14883283789490812,3346.5,-1.4031954626597514,-0.22296238951871628,Balanced
3285,W 87 St  & Amsterdam Ave,40.78839,-73.9747,0.27670725674398344,4242.5,-0.6382707800710941,-0.021699600609259583,Balanced
3286,E 89 St & 3 Ave,40.780628,-73.952167,0.3634344217801552,4648.0,-0.11948250494778148,0.05574227944946133,Balanced
3287,W 88 St & West End Ave,40.790261,-73.977131,0.28448810074510544,6292.0,-0.5917269937422998,0.312661057537784,Balanced
3288,E 88 St & 1 Ave,40.778301,-73.948813,0.6811069845033912,24752.0,1.7807848541945803,1.4745970323612214,LowDemand&HighSupply
3289,W 90 St & Amsterdam Ave,40.790178999999995,-73.972889,0.33728559238078665,6331.0,-0.2759006940461368,0.3179032528025536,Balanced
3290,E 89 St & York Ave,40.777945,-73.94604100000001,0.41448950447405275,9381.0,0.18592097821690162,0.6515019982589499,Balanced
3291,Riverside Dr & W 91 St,40.793372,-73.976851,0.3620569266818339,4564.0,-0.1277224642010428,0.04027025364033207,Balanced
3292,5 Ave & E 93 St,40.785785,-73.957481,0.24370236156900724,1935.5000000000002,-0.8357008774495827,-0.687480921996901,Balanced
3293,W 92 St & Broadway,40.7921,-73.9739,0.326727684678169,2629.0,-0.33905643911940997,-0.42768121006100024,Balanced
3294,E 91 St & Park Ave,40.783502,-73.955327,0.17868535894976734,3476.0,-1.2246223719831049,-0.1907525785039693,Balanced
3295,Central Park W & W 96 St,40.791270000000004,-73.964839,0.2748965622950748,1674.0,-0.64910206977753,-0.810620026439031,Balanced
3297,6 St & 7 Ave,40.668663,-73.979881,0.340498341678393,6231.0,-0.2566825325183886,0.30439621323721844,Balanced
3298,Warren St & Court St,40.686371,-73.993833,0.22325872182626552,3224.0,-0.9579915183918515,-0.2545995708347403,Balanced
3300,Prospect Park West & 8 St,40.665147,-73.976376,0.3489162742737015,3802.0000000000005,-0.2063277823152316,-0.11470138384208126,Balanced
3301,Columbus Ave & W 95 St,40.791956,-73.968087,0.3031604305794935,2758.0,-0.48003205037276225,-0.38704290782323986,Balanced
3302,Columbus Ave & W 103 St,40.796935,-73.964341,0.15150132142699735,6748.0,-1.3872330134291078,0.3720183603537727,Balanced
3303,Butler St & Court St,40.684989,-73.994403,0.4041171725468629,9539.5,0.12387531827553289,0.6657160078470894,Balanced
3304,6 Ave & 9 St,40.668127,-73.983776,0.45776515672547874,7663.000000000001,0.44478913073854653,0.47989350408246595,Balanced
3305,E 91 St & 2 Ave,40.781121999999996,-73.949656,0.4940535428955719,11029.0,0.6618605553647227,0.7888019839368169,Balanced
3306,10 St & 7 Ave,40.666208000000005,-73.981999,0.31269242132250463,5484.0,-0.42301317936509514,0.19605898133441743,Balanced
3307,West End Ave & W 94 St,40.794165,-73.974124,0.42099646871280033,5624.0,0.2248446159525638,0.2174447541550815,Balanced
3308,Kane St & Clinton St,40.686176,-73.996453,0.36722204318123086,28255.0,-0.09682554881800794,1.5868893721844566,Balanced
3309,E 97 St & 3 Ave,40.785920000000004,-73.948603,0.22490391013166178,8955.0,-0.9481502604324382,0.612075069861965,Balanced
3310,14 St & 7 Ave,40.663779,-73.983968,0.3842596587357876,7282.5,0.005090790567421249,0.4366871263841073,Balanced
3311,Columbia St & Kane St,40.687632,-74.001626,0.7113806914553068,19315.0,1.9618774127328706,1.2641833290672104,LowDemand&HighSupply
3312,1 Ave & E 94 St,40.781721000000005,-73.94594000000001,0.71998441377466,22435.5,2.013343527874944,1.391235754061747,LowDemand&HighSupply
3313,6 Ave & 12 St,40.666318,-73.985462,0.2810045648041324,29078.5,-0.6125649584260725,1.6112615761715385,Balanced
3314,W 95 St & Broadway,40.79377,-73.971888,0.3898434589207175,2603.0,0.038492205975901576,-0.43611298439737634,Balanced
3315,Henry St & Degraw St,40.684751,-73.999173,0.6255233775984014,13622.0,1.4482924506974166,0.9679397938596367,Balanced
3316,W 104 St & Amsterdam Ave,40.798994,-73.966217,0.19181767346230388,7726.000000000001,-1.1460669298503636,0.48683962538244635,Balanced
3317,10 St & 5 Ave,40.668627,-73.987001,0.4498566042055421,12257.0,0.3974814121151041,0.8783624496644327,Balanced
3319,14 St & 5 Ave,40.666287,-73.988951,0.6235105370249743,10227.5,1.4362519546342634,0.7247949793947522,Balanced
3320,Central Park West & W 100 St,40.793393,-73.96355600000001,0.36019838852230535,2551.5,-0.1388399474674513,-0.4530659204577392,Balanced
3321,Clinton St & Union St,40.683116,-73.997853,0.3357022911388176,8917.0,-0.28537175331550335,0.6084674490602665,Balanced
3322,12 St & 4 Ave,40.668603000000004,-73.990439,0.6502561190285908,39135.0,1.596239824052551,1.8632396560977642,LowDemand&HighSupply
3323,W 106 St & Central Park West,40.798186,-73.96059100000001,0.34268828360585496,3250.5,-0.24358264398064644,-0.24765489703736845,Balanced
3324,3 Ave & 14 St,40.668546,-73.99333299999999,0.8037366866817734,52724.0,2.514336465681876,2.116096139754951,LowDemand&HighSupply
3325,E 95 St & 3 Ave,40.784903,-73.950503,0.33069302402661166,7443.000000000001,-0.31533640215061043,0.45518117404430314,Balanced
3326,Clinton St & Centre St,40.67434,-74.001947,0.6774045160441213,72564.5,1.7586372695838994,2.3870663733069803,LowDemand&HighSupply
3327,3 Ave & E 100 St,40.787721000000005,-73.947283,0.3766943234943143,33420.5,-0.040163856220774785,1.7293280825930883,Balanced
3328,W 100 St & Manhattan Ave,40.795,-73.9645,0.19265452573870953,4116.0,-1.1410610110148014,-0.04738019828571519,Balanced
3329,Degraw St & Smith St,40.682915,-73.99318199999999,0.33323131686576607,5579.0,-0.30015273319021546,0.21062937062148182,Balanced
3330,Henry St & Bay St,40.672506,-74.004947,0.7500451484628724,29479.000000000004,2.193162119792861,1.622866346571605,LowDemand&HighSupply
3331,Riverside Dr & W 104 St,40.801343,-73.97114599999999,0.4170234520253495,4533.0,0.20107865434804129,0.034488295178479844,Balanced
3332,Degraw St & Hoyt St,40.68199,-73.99079,0.25263157894736843,9371.0,-0.7822877020046218,0.6505971781707296,Balanced
3333,Columbia St & Lorraine St,40.674706,-74.00755699999999,0.8126012794965861,71130.5,2.567363067141166,2.3701334594319827,LowDemand&HighSupply
3335,Union St & 4 Ave,40.677274,-73.98281999999999,0.7932385204571575,9018.0,2.451538084743737,0.6180225300142863,Balanced
3336,E 97 St & Madison Ave,40.787801,-73.953559,0.16160594488299046,2187.0,-1.3267887435014691,-0.5838410731621131,Balanced
3338,2 Ave & E 99 St,40.786259,-73.945526,0.3384201542653734,48542.0,-0.26911392310902693,2.0459865811809577,Balanced
3339,Berkeley Pl & 6 Ave,40.67653,-73.97846899999999,0.7081393807964557,18367.0,1.9424884016295694,1.2214884459550646,LowDemand&HighSupply
3340,Wolcott St & Dwight St,40.675327,-74.01007,0.811742429760366,58137.0,2.5622255629571207,2.1990075894128185,LowDemand&HighSupply
3341,Central Park West & W 102 St,40.795346,-73.96186,0.19415809334673997,3078.0,-1.1320669058163197,-0.2939149040190631,Balanced
3342,Pioneer St & Richards St,40.677775,-74.009461,0.7941627433850866,59000.00000000001,2.457066641089489,2.2115082897240232,LowDemand&HighSupply
3343,W 107 St & Columbus Ave,40.799757,-73.962113,0.22902917994100572,3732.5000000000005,-0.9234735445739731,-0.13035275795581638,Balanced
3344,Pioneer St & Van Brunt St,40.679043,-74.011169,0.773132963920583,24431.0,2.3312698044228775,1.4635229953551225,LowDemand&HighSupply
3345,Madison Ave & E 99 St,40.789485,-73.95242900000001,0.2740773985056118,13368.0,-0.6540021788633251,0.951971686614963,Balanced
3347,Van Brunt St & Wolcott St,40.677343,-74.012751,0.7245974130710626,15853.500000000002,2.0409377648954625,1.096639421690039,LowDemand&HighSupply
3348,Coffey St & Conover St,40.677236,-74.015665,0.8034753095607435,39033.0,2.5127729488100945,1.8610256378035337,LowDemand&HighSupply
3349,Grand Army Plaza & Plaza St West,40.672968,-73.97088000000001,0.21930906222646596,2270.5,-0.9816177615677889,-0.5520536211714703,Balanced
3350,W 100 St & Broadway,40.797371999999996,-73.970412,0.32862075971357146,3745.5000000000005,-0.3277323616877789,-0.1274031240547853,Balanced
3351,E 102 St & 1 Ave,40.786995000000005,-73.941648,0.6661479774339557,16415.5,1.6913024241869448,1.126192621599262,LowDemand&HighSupply
3353,Reed St & Van Brunt St,40.674784,-74.01612800000001,0.7393983303294994,5714.0,2.1294745264919563,0.23091343201897524,Balanced
3354,3 St & Prospect Park West,40.668132,-73.973638,0.4165990051863355,4138.0,0.198539680043949,-0.04285779766730433,Balanced
3355,E 66 St & Madison Ave,40.768009,-73.968453,0.06948034011104788,1882.0000000000002,-1.8778696369492665,-0.7112609826594355,Balanced
3356,Amsterdam Ave & W 66 St,40.774667,-73.984706,0.09364482772486865,1981.5000000000002,-1.7333214686425522,-0.6675542848071249,Balanced
3357,W 106 St & Amsterdam Ave,40.800836,-73.966449,0.2861876869423963,3949.0000000000005,-0.581560336140288,-0.0825187590133666,Balanced
3358,Garfield Pl & 8 Ave,40.671198,-73.974841,0.3870143071607402,8659.0,0.021568664649391698,0.5835593464900718,Balanced
3359,E 68 St & Madison Ave,40.769157,-73.967035,0.05220201095197274,1941.0000000000002,-1.9812258872972495,-0.6850736066766315,Balanced
3360,Amsterdam Ave & W 79 St,40.782939,-73.978652,0.41068186770450205,3058.0,0.16314429329762128,-0.29944529670906206,Balanced
3361,Carroll St & 6 Ave,40.674089,-73.978728,0.63504380548959,7446.500000000001,1.505242154542177,0.4555800131422878,Balanced
3362,Madison Ave & E 82 St,40.778131,-73.96069399999999,0.06604106677636089,2184.0,-1.8984428296765472,-0.5850056021497676,Balanced
3363,E 102 St & Park Ave,40.790483,-73.950331,0.22216646919783167,17229.0,-0.9645252020060658,1.1672260611415952,Balanced
3364,Carroll St & 5 Ave,40.675162,-73.981483,0.6378072988789159,9631.0,1.5217729378113531,0.6738144360995512,Balanced
3365,3 St & 7 Ave,40.670384000000006,-73.978397,0.47935004564430517,7050.0,0.5739065449449934,0.4091607595679922,Balanced
3366,West End Ave & W 107 St,40.802116999999996,-73.968181,0.23380248638282805,2288.0,-0.8949203753961823,-0.5455399173063383,Balanced
3367,5 Ave & E 103 St,40.792255,-73.952499,0.2426323384815513,2626.0,-0.8421015874422575,-0.4286498410712283,Balanced
3368,5 Ave & 3 St,40.672815,-73.983524,0.6151196468785736,9685.0,1.3860589681117033,0.6785578113322948,Balanced
3370,78 St & 2 Ave,40.772797,-73.95577800000001,0.2869936606242822,4582.5,-0.5767391282056579,0.04370209472424182,Balanced
3372,E 74 St & 1 Ave,40.768974,-73.954823,0.18146734804726053,1889.0000000000002,-1.2079809502936214,-0.7081114088270565,Balanced
3373,3 St & 3 Ave,40.67507,-73.987752,0.7270812667968845,6879.0,2.0557957876330937,0.3883298718229145,Balanced
3374,Central Park North & Adam Clayton Powell Blvd,40.799484,-73.955613,0.6429947961031788,1048.0,1.5528037311741927,-1.2079341309646385,Balanced
3375,3 Ave & E 72 St,40.769943,-73.960607,0.018447622776709253,2625.5,-2.1831393340469973,-0.42881138715079764,Balanced
3376,E 65 St & 2 Ave,40.764719,-73.962221,0.018589743589743586,2831.0,-2.1822891896727126,-0.3648801788137093,Balanced
3377,Carroll St & Bond St,40.678612,-73.99037299999999,0.7412876110968699,11704.0,2.1407759072083556,0.83919664029271,Balanced
3378,E 76 St & Park Ave,40.773763,-73.962221,0.137758520841746,1676.0,-1.4694402873324184,-0.8096070600687768,Balanced
3379,E 103 St & Lexington Ave,40.790305,-73.947558,0.3841569263581321,12289.0,0.0044762616250651685,0.880574419914342,Balanced
3381,3 St & Hoyt St,40.677729,-73.993641,0.5530603645446187,23088.0,1.014830091623061,1.4155569206183582,LowDemand&HighSupply
3382,Carroll St & Smith St,40.680611,-73.99475799999999,0.31904999364072,4229.0,-0.3849831806263717,-0.02440345691754272,Balanced
3383,Cathedral Pkwy & Broadway,40.804213,-73.96699100000001,0.24705203259409136,1057.0,-0.8156636716604951,-1.2006797085098306,Balanced
3384,Smith St & 3 St,40.678724,-73.995991,0.20450954962142998,7095.0,-1.0701461207483307,0.41455860959789054,Balanced
3385,2 Ave & E 105 St,40.789817,-73.942961,0.027777777777777776,2508.0,-2.1273278127362447,-0.467654135119418,Balanced
3386,1 Pl & Clinton St,40.680959,-73.999057,0.26548815205106213,11622.0,-0.7053817016565164,0.8332319876495666,Balanced
3387,E 106 St & Madison Ave,40.793434000000005,-73.94945,0.35447385221875555,12879.0,-0.17308322422578581,0.9203569745442614,Balanced
3388,President St & Henry St,40.6828,-73.999904,0.5237412449733352,36403.0,0.8394477248158855,1.8018472761153204,Balanced
3389,Carroll St & Columbia St,40.683046000000004,-74.003486,0.5834736679056313,31171.000000000004,1.1967576939479048,1.670213300847402,LowDemand&HighSupply
3390,E 109 St & 3 Ave,40.793296999999995,-73.943208,0.5840093022674757,19603.5,1.199961774544361,1.2767612096328822,LowDemand&HighSupply
3391,E 106 St & 1 Ave,40.789253,-73.939562,0.8084460925889766,45308.0,2.542507391901296,1.9874957876046486,LowDemand&HighSupply
3392,Commerce St & Van Brunt St,40.681212,-74.00860899999999,0.7532565258527587,9711.5,2.212372074784175,0.6808759134328437,Balanced
3393,Richards St & Delavan St,40.679433,-74.00785,0.7979792703847783,58432.00000000001,2.4798965059686857,2.2033014670026816,LowDemand&HighSupply
3394,Columbia St & W 9 St,40.676999,-74.00647099999999,0.6701259575736033,28489.5,1.7150980763826764,1.5939012014527498,LowDemand&HighSupply
3395,Henry St & W 9 St,40.676373999999996,-74.00325,0.7060434550258623,73578.0,1.9299509029708835,2.398833324993215,LowDemand&HighSupply
3396,Clinton St & 4 Place,40.678356,-74.00014499999999,0.4593637813940911,14055.0,0.4543518523385561,0.9944867117102936,Balanced
3397,Court St & Nelson St,40.676395,-73.998699,0.6698289453297279,14292.0,1.7133213958048397,1.008672750691935,LowDemand&HighSupply
3398,Smith St & 9 St,40.674696000000004,-73.997858,0.5852591088013094,11036.0,1.2074379208666233,0.7893402585653493,Balanced
3399,7 St & 3 Ave,40.672603,-73.98983,0.4754592620739833,17108.5,0.5506324889270948,1.161271771669096,Balanced
3400,E 110 St & Madison Ave,40.796154,-73.94782099999999,0.5984006445269126,7205.0,1.2860485228471397,0.4276105475642493,Balanced
3401,2 Ave & 9 St,40.672481,-73.993314,0.5993203419520843,19398.0,1.29155000834642,1.267821069585192,LowDemand&HighSupply
3402,Court St & State St,40.690238,-73.99203100000001,0.26040248068209454,2956.0,-0.7358033887513304,-0.3282251239597483,Balanced
3403,4 Ave & 9 St,40.670513,-73.988766,0.6992114014209212,22079.0,1.8890826317230094,1.3776470792141386,LowDemand&HighSupply
3404,7 St & 5 Ave,40.670491999999996,-73.985417,0.511237168975718,12306.0,0.7646503067738099,0.8817471874914724,Balanced
3405,5 St & 6 Ave,40.670484,-73.98209,0.441460005026187,32275.000000000004,0.3472542750543845,1.6997402415257956,Balanced
3408,Congress St & Clinton St,40.688153,-73.995209,0.5551495761046279,8519.0,1.0273274269289343,0.5697308539352777,Balanced
3409,Bergen St & Smith St,40.686744,-73.99063199999999,0.24249282875548142,3213.0,-0.8429361127045618,-0.2574990459508228,Balanced
3410,Dean St & Hoyt St,40.686444,-73.98759100000001,0.3659289692328728,5942.0,-0.10456051401600293,0.26410673689061465,Balanced
3411,Bond St & Bergen St,40.684967,-73.98620799999999,0.37002288736072414,9985.5,-0.08007133899041288,0.7044800588032857,Balanced
3412,Pacific St & Nevins St,40.685376,-73.983021,0.27842083756221003,7103.0,-0.6280204088454072,0.41551464208029826,Balanced
3413,Wyckoff St & 3 Ave,40.682755,-73.982586,0.5665252413380287,18901.0,1.0953748690695237,1.2458017892196018,LowDemand&HighSupply
3414,Bergen St & Flatbush Ave,40.680945,-73.975673,0.24016240186249055,6461.0,-0.8568763602338275,0.335146920319908,Balanced
3415,Prospect Pl & 6 Ave,40.679331,-73.975195,0.6552704327826921,9142.0,1.626234661106574,0.6296082326575737,Balanced
3416,7 Ave & Park Pl,40.677615,-73.97324300000001,0.4679279446292744,3012.5,0.5055813312544432,-0.3121628876908623,Balanced
3417,Baltic St & 5 Ave,40.679577,-73.97855,0.6876882630510354,10119.0,1.8201530284501823,0.7157469515332763,Balanced
3418,Plaza St West & Flatbush Ave,40.675021,-73.971115,0.41086658652187363,3538.0,0.16424925224107406,-0.17575410615374498,Balanced
3419,Douglass St & 4 Ave,40.679279,-73.98154,0.6135140499169678,13756.0,1.3764545393504577,0.9762443482584526,Balanced
3420,Douglass St & 3 Ave,40.680213,-73.98432700000001,0.7496705087584419,10543.5,2.190921083942408,0.7506100295610826,Balanced
3421,Hoyt St & Warren St,40.684355,-73.989016,0.31301955959153277,15709.000000000002,-0.42105628963803965,1.0888714206856498,Balanced
3422,Columbia St & Degraw St,40.68593,-74.002424,0.706237219992652,13395.0,1.9311099745588711,0.9536834309707553,Balanced
3423,West Drive & Prospect Park West,40.661063,-73.979453,0.42328703012842456,2927.0,0.23854639445967962,-0.3365890937280293,Balanced
3424,E 106 St & Lexington Ave,40.791976,-73.945993,0.2290588679334384,27028.0,-0.9232959556676644,1.5492247100869194,Balanced
3425,2 Ave  & E 104 St,40.789211,-73.943708,0.5366072241385997,35211.0,0.916409990746476,1.7736031447754852,Balanced
3427,Lafayette St & Jersey St,40.724305,-73.99601,0.3429767872781053,1664.0,-0.2418568603414478,-0.8157030807965836,Balanced
3428,8 Ave & W 16 St,40.740983,-74.00170200000001,0.2431667791840515,918.0000000000001,-0.838904647128457,-1.3202920786572325,Balanced
3429,Hanson Pl & Ashland Pl,40.685068,-73.977908,0.3094052084525481,2876.0,-0.44267677028331137,-0.3515011857308362,Balanced
3430,Richardson St & N Henry St,40.719079,-73.942237,0.3993853456792226,12361.0,0.09557027339344308,0.8855303662493612,Balanced
3431,E 35 St & 3 Ave,40.746524,-73.977885,0.11688392595942046,1145.0,-1.5943088342102378,-1.1328364798281771,HighDemand&LowSupply
